ZamerT;ResidT;q_Theor;q_Zv;q_Resid;e_Theor;e_Zv;e_Resid;
147.156824;0.000547;354.610528;353.290000;-1.320528;-18.360526;-10.490000;7.870526
159.155832;0.000263;354.443053;352.880000;-1.563053;-18.018809;-10.660000;7.358809
163.156057;0.000581;354.364041;352.830000;-1.534041;-18.529407;-11.970000;6.559407
175.159537;0.000259;354.337320;353.460000;-0.877320;-18.145870;-10.600000;7.545870
183.159417;0.000251;355.493098;354.090000;-1.403098;-18.361558;-13.750000;4.611558
227.178313;-0.000066;5.746071;3.370000;-2.376071;-17.850755;-11.860000;5.990755
231.177888;-0.000052;7.181915;5.380000;-1.801915;-17.811695;-13.180000;4.631695
235.179332;0.000030;8.273523;6.350000;-1.923523;-17.927988;-15.070000;2.857988
239.181467;-0.000011;9.203943;7.040000;-2.163943;-17.641933;-13.290000;4.351933
243.183156;0.000092;10.179531;8.470000;-1.709531;-18.167117;-15.990000;2.177117
247.184559;-0.000140;11.255703;9.160000;-2.095703;-17.554266;-13.580000;3.974266
251.184988;0.000149;12.274612;10.250000;-2.024612;-17.920654;-14.780000;3.140654
255.186351;-0.000010;13.082339;11.160000;-1.922339;-17.851303;-17.360000;0.491303
259.187714;-0.000101;14.344441;12.370000;-1.974441;-17.471231;-16.270000;1.201231
263.188182;-0.000029;14.489758;12.590000;-1.899758;-17.855792;-15.300000;2.555792
267.188611;-0.000222;15.425271;13.630000;-1.795271;-17.497338;-15.180000;2.317338
271.189892;0.000052;15.942843;13.450000;-2.492843;-17.680384;-14.090000;3.590384
275.190117;0.000014;16.313242;14.430000;-1.883242;-17.945665;-16.390000;1.555665
279.191480;-0.000305;17.028121;15.230000;-1.798121;-17.366065;-16.560000;0.806065
283.191868;-0.000049;17.207741;15.290000;-1.917741;-17.740149;-15.360000;2.380149
287.193150;-0.000112;17.633200;16.030000;-1.603200;-17.660465;-15.760000;1.900465
291.194269;-0.000106;17.925686;16.030000;-1.895686;-17.840318;-15.580000;2.260318
295.194697;-0.000302;18.133779;16.430000;-1.703779;-17.286465;-13.690000;3.596465
299.194963;-0.000135;18.381400;16.490000;-1.891400;-17.875823;-14.950000;2.925823
303.196082;-0.000317;18.664148;17.010000;-1.654148;-17.236332;-13.290000;3.946332
307.197404;-0.000070;19.051126;16.550000;-2.501126;-17.482885;-14.670000;2.812885
323.200011;0.000152;19.236011;17.480000;-1.756011;-18.127226;-15.360000;2.767226
327.201171;-0.000494;20.359057;18.680000;-1.679057;-17.089489;-14.270000;2.819489
331.202493;0.000094;19.773881;17.130000;-2.643881;-17.677038;-15.870000;1.807038
335.202312;0.000022;20.345541;18.110000;-2.235541;-17.729021;-14.550000;3.179021
339.202089;0.000075;20.173670;17.930000;-2.243670;-17.760416;-18.960000;-1.199584
343.203005;-0.000157;20.495900;18.450000;-2.045900;-17.305490;-15.470000;1.835490
347.202783;-0.000031;21.018215;19.190000;-1.828215;-17.721779;-15.180000;2.541779
351.204146;-0.000071;20.945158;19.370000;-1.575158;-17.492495;-15.300000;2.192495
355.204208;-0.000037;21.546524;20.340000;-1.206524;-17.868962;-14.950000;2.918962
359.204230;-0.000147;21.365668;19.770000;-1.595668;-17.415416;-14.500000;2.915416
363.203276;-0.000091;21.627311;20.860000;-0.767311;-17.878713;-17.760000;0.118713
367.201875;0.000063;21.575437;19.880000;-1.695437;-17.906155;-15.470000;2.436155
371.201368;0.000002;21.687027;20.450000;-1.237027;-17.332146;-13.980000;3.352146
375.199358;0.000143;21.116186;19.080000;-2.036186;-18.666924;-17.070000;1.596924
379.197550;-0.000340;21.198152;18.910000;-2.288152;-17.065960;-16.270000;0.795960
383.197694;0.000108;20.311182;18.280000;-2.031182;-18.697046;-14.500000;4.197046
387.195520;-0.000347;20.594014;18.850000;-1.744014;-17.568814;-14.500000;3.068814
391.194323;0.000121;19.627659;17.880000;-1.747659;-18.198224;-14.500000;3.698224
395.192109;-0.000318;19.798939;18.220000;-1.578939;-18.206974;-15.360000;2.846974
399.190952;-0.000051;19.514657;17.760000;-1.754657;-18.065645;-14.900000;3.165645
403.187803;-0.000013;19.493754;17.990000;-1.503754;-18.428768;-16.670000;1.758768
407.188028;-0.000237;19.868258;17.420000;-2.448258;-18.281485;-19.250000;-0.968515
411.186383;-0.000044;19.413314;17.650000;-1.763314;-18.618650;-16.560000;2.058650
415.183396;-0.000420;20.009457;18.450000;-1.559457;-18.590375;-15.870000;2.720375
419.181223;-0.000025;19.876037;17.880000;-1.996037;-18.598208;-18.850000;-0.251792
423.177668;-0.000312;19.847683;18.390000;-1.457683;-19.010960;-17.760000;1.250960
427.175657;-0.000137;20.225247;18.450000;-1.775247;-18.642774;-17.990000;0.652774
431.172793;-0.000432;20.292988;18.960000;-1.332988;-19.041668;-17.590000;1.451668
435.168465;-0.000115;20.123822;19.080000;-1.043822;-19.473497;-19.600000;-0.126503
439.165113;-0.000572;20.198296;18.450000;-1.748296;-19.050794;-19.190000;-0.139206
443.161557;-0.000290;19.822596;18.110000;-1.712596;-19.709717;-20.170000;-0.460283
447.156905;-0.000517;20.112355;18.910000;-1.202355;-19.399861;-19.880000;-0.480139
451.152211;-0.000253;19.651810;18.620000;-1.031810;-19.708909;-19.650000;0.058909
455.147396;-0.000106;19.834884;18.050000;-1.784884;-20.214471;-21.540000;-1.325529
459.142133;-0.000363;19.663179;18.220000;-1.443179;-20.081328;-20.680000;-0.598672
463.138334;-0.000377;19.330993;18.330000;-1.000993;-20.052543;-22.060000;-2.007457
471.129719;-0.000223;18.935520;17.700000;-1.235520;-20.881496;-23.660000;-2.778504
475.125310;-0.000434;18.972130;17.590000;-1.382130;-20.788646;-23.890000;-3.101354
479.120860;-0.000192;18.538338;17.060000;-1.478338;-21.106800;-23.660000;-2.553200
483.114378;-0.000330;18.459104;16.830000;-1.629104;-21.556975;-24.690000;-3.133025
487.109034;-0.000189;18.055006;16.200000;-1.855006;-21.098688;-23.890000;-2.791312
491.104504;-0.000117;17.950356;16.320000;-1.630356;-22.486645;-25.670000;-3.183355
495.099851;-0.000187;17.598961;15.970000;-1.628961;-21.794472;-24.470000;-2.675528
499.094669;-0.000186;17.220752;15.630000;-1.590752;-22.353917;-25.100000;-2.746083
503.088391;-0.000176;17.290643;15.570000;-1.720643;-22.442395;-25.100000;-2.657605
507.085201;0.000069;16.851580;15.120000;-1.731580;-23.158838;-25.950000;-2.791162
511.079816;-0.000165;16.571173;14.890000;-1.681173;-22.852908;-25.500000;-2.647092
515.075692;-0.000131;16.551254;14.710000;-1.841254;-23.272126;-26.070000;-2.797874
519.071933;-0.000144;16.798316;14.890000;-1.908316;-23.644401;-26.760000;-3.115599
523.067931;-0.000047;16.487015;14.890000;-1.597015;-23.653855;-26.870000;-3.216145
527.062262;-0.000041;16.984750;15.230000;-1.754750;-23.834587;-27.390000;-3.555413
531.058422;0.000080;16.872652;15.230000;-1.642652;-24.934984;-28.590000;-3.655016
535.053728;-0.000314;17.373081;15.570000;-1.803081;-24.077610;-27.790000;-3.712390
539.049441;0.000057;17.727893;15.920000;-1.807893;-24.702514;-28.360000;-3.657486
543.045845;0.000068;18.540850;16.720000;-1.820850;-25.156478;-29.050000;-3.893522
547.042331;0.000093;18.948189;16.950000;-1.998189;-25.387447;-29.280000;-3.892553
551.038044;0.000035;19.228782;17.420000;-1.808782;-25.523158;-29.280000;-3.756842
555.032862;0.000039;20.156887;18.160000;-1.996887;-25.567176;-29.280000;-3.712824
559.029591;0.000154;20.476767;18.620000;-1.856767;-26.002068;-29.790000;-3.787932
563.025467;0.000276;21.401318;19.310000;-2.091318;-26.665941;-30.190000;-3.524059
567.021099;0.000034;21.380600;19.370000;-2.010600;-26.290273;-29.850000;-3.559727
571.019129;0.000148;21.679710;19.600000;-2.079710;-26.988267;-30.250000;-3.261733
575.014964;0.000070;22.156859;20.170000;-1.986859;-27.077426;-30.370000;-3.292574
579.011937;0.000263;21.825210;19.770000;-2.055210;-27.173086;-30.190000;-3.016914
583.006877;0.000244;21.946143;19.940000;-2.006143;-28.230337;-31.050000;-2.819663
587.004826;-0.000211;23.141645;21.140000;-2.001645;-27.319138;-30.250000;-2.930862
591.000783;0.000463;21.595384;19.540000;-2.055384;-28.912349;-31.400000;-2.487651
598.994810;0.000331;22.141217;20.110000;-2.031217;-28.926109;-31.680000;-2.753891
602.991742;0.000197;22.748290;20.630000;-2.118290;-29.102464;-32.260000;-3.157536
606.989163;0.000246;23.205468;21.430000;-1.775468;-29.269108;-30.770000;-1.500892
610.984835;0.000475;22.630119;20.570000;-2.060119;-30.182223;-31.970000;-1.787777
614.982255;0.000059;23.190276;21.030000;-2.160276;-29.727425;-31.800000;-2.072575
618.978334;0.000418;22.787629;20.740000;-2.047629;-30.856455;-32.140000;-1.283545
622.974616;0.000276;23.259986;21.200000;-2.059986;-30.305845;-31.800000;-1.494155
626.971833;0.000559;22.682428;20.510000;-2.172428;-31.355309;-32.660000;-1.304691
630.968806;0.000385;23.183943;21.030000;-2.153943;-31.449014;-32.540000;-1.090986
634.965210;0.000209;23.181912;20.860000;-2.321912;-31.822114;-32.890000;-1.067886
638.963606;0.000430;23.343502;21.260000;-2.083502;-32.063216;-33.170000;-1.106784
642.958872;0.000481;23.476773;21.140000;-2.336773;-32.580718;-33.860000;-1.279282
646.955845;0.000379;23.328250;20.800000;-2.528250;-32.963672;-34.150000;-1.186328
650.952289;0.000084;23.702395;21.200000;-2.502395;-33.289361;-34.490000;-1.200639
654.949628;0.000291;23.282062;20.860000;-2.422062;-33.853109;-34.780000;-0.926891
658.945991;-0.000011;23.909231;21.370000;-2.539231;-33.682977;-34.380000;-0.697023
662.944021;0.000373;23.780106;21.200000;-2.580106;-34.901222;-35.290000;-0.388778
666.941279;0.000079;23.824878;21.540000;-2.284878;-34.850446;-34.660000;0.190446
670.938821;0.000070;24.415150;21.600000;-2.815150;-35.330764;-35.180000;0.150764
674.935103;0.000562;24.758487;22.060000;-2.698487;-35.671179;-35.580000;0.091179
678.932767;0.000432;24.761593;22.170000;-2.591593;-36.340263;-36.670000;-0.329737
682.929659;0.000679;24.116074;21.720000;-2.396074;-36.616944;-37.070000;-0.453056
686.926998;0.000395;24.164350;21.370000;-2.794350;-37.353300;-37.360000;-0.006700
690.923564;0.000323;24.902024;22.290000;-2.612024;-37.389705;-37.590000;-0.200295
694.921350;0.000778;24.854799;22.170000;-2.684799;-37.953599;-37.990000;-0.036401
698.917429;0.000576;24.349726;21.370000;-2.979726;-39.226742;-39.360000;-0.133258
702.913711;-0.000028;26.301205;23.320000;-2.981205;-38.278873;-37.760000;0.518873
706.910440;0.000676;24.194769;21.430000;-2.764769;-40.074143;-39.480000;0.594143
710.907088;0.000150;26.132136;23.380000;-2.752136;-39.799062;-39.590000;0.209062
714.904712;0.000568;25.139778;22.290000;-2.849778;-40.788768;-41.080000;-0.291232
718.902295;0.000285;25.903182;22.920000;-2.983182;-40.886535;-40.970000;-0.083465
722.897764;0.000258;25.924418;23.150000;-2.774418;-41.891141;-41.770000;0.121141
726.894615;0.000037;26.463381;23.610000;-2.853381;-41.886197;-42.000000;-0.113803
730.893173;0.000473;26.478283;23.840000;-2.638283;-43.369544;-43.540000;-0.170456
734.889130;-0.000095;27.330256;24.350000;-2.980256;-42.766957;-43.090000;-0.323043
738.886388;0.000660;26.389430;23.660000;-2.729430;-44.865164;-44.860000;0.005164
742.883198;-0.000336;27.775456;24.980000;-2.795456;-44.256944;-44.350000;-0.093056
746.880252;0.000361;27.807681;24.810000;-2.997681;-45.369676;-45.260000;0.109676
750.878364;0.000353;27.781519;24.980000;-2.801519;-45.991907;-46.700000;-0.708093
754.876028;0.000436;28.173096;25.040000;-3.133096;-46.660356;-47.780000;-1.119644
762.869852;0.000187;28.764468;25.380000;-3.384468;-47.816440;-49.560000;-1.743560
766.868857;0.000143;29.270171;25.900000;-3.370171;-48.539044;-50.190000;-1.650956
770.866725;0.000135;28.736881;25.380000;-3.356881;-49.765477;-51.280000;-1.514523
774.863698;-0.000383;30.582883;27.390000;-3.192883;-49.928250;-51.050000;-1.121750
778.860793;-0.000173;29.835987;26.530000;-3.305987;-50.508936;-51.450000;-0.941064
782.858944;0.000016;30.067396;26.240000;-3.827396;-52.242678;-53.740000;-1.497322
786.857950;-0.000087;31.845579;28.480000;-3.365579;-51.596226;-53.170000;-1.573774
790.855208;0.000873;30.065837;27.100000;-2.965837;-53.773114;-55.350000;-1.576886
794.853400;-0.000060;32.181004;29.160000;-3.021004;-53.794654;-55.460000;-1.665346
798.850373;-0.000057;31.286260;27.960000;-3.326260;-54.712006;-56.670000;-1.957994
802.848037;-0.000308;32.853057;29.340000;-3.513057;-55.369345;-57.350000;-1.980655
806.846595;0.000043;32.950290;29.850000;-3.100290;-56.755342;-58.840000;-2.084658
810.845235;-0.000139;33.190184;29.560000;-3.630184;-57.131227;-59.240000;-2.108773
814.842777;-0.000021;34.092199;30.370000;-3.722199;-58.584435;-60.790000;-2.205565
818.840604;-0.000381;34.734257;31.230000;-3.504257;-58.572475;-60.560000;-1.987525
822.838593;0.000153;34.783933;30.880000;-3.903933;-60.341917;-62.450000;-2.108083
826.837395;-0.000077;36.029259;31.800000;-4.229259;-60.876032;-62.850000;-1.973968
830.836238;-0.000222;36.203191;32.030000;-4.173191;-61.699212;-63.480000;-1.780788
1130.993220;-0.000071;189.176570;193.140000;3.963430;-40.216483;-38.270000;1.946483
1134.999055;-0.000056;188.913937;192.970000;4.056063;-39.989787;-38.160000;1.829787
1139.002694;0.000106;189.067470;193.090000;4.022530;-39.226169;-37.640000;1.586169
1143.007512;0.000129;190.441445;194.000000;3.558555;-39.088773;-37.640000;1.448773
1147.010908;-0.000067;189.566495;193.370000;3.803505;-38.303288;-37.180000;1.123288
1151.015767;0.000026;189.905735;193.890000;3.984265;-37.804473;-36.900000;0.904473
1155.020747;0.000271;190.322813;193.890000;3.567187;-37.639040;-36.670000;0.969040
1159.025484;0.000137;190.671144;194.400000;3.728856;-36.990924;-36.150000;0.840924
1163.029002;-0.000031;190.125743;193.830000;3.704257;-36.810155;-36.100000;0.710155
1167.033942;0.000190;190.740681;194.460000;3.719319;-35.986682;-34.780000;1.206682
1171.038841;0.000260;190.587938;194.290000;3.702062;-36.246074;-35.350000;0.896074
1175.043741;0.000298;190.697943;194.120000;3.422057;-35.299218;-34.490000;0.809218
1179.048559;0.000241;190.944838;194.350000;3.405162;-34.866444;-34.090000;0.776444
1183.052157;0.000059;190.784890;193.950000;3.165110;-34.655009;-33.750000;0.905009
1187.057098;0.000215;190.715966;194.060000;3.344034;-34.224801;-33.170000;1.054801
1195.067140;0.000466;191.230707;194.400000;3.169293;-33.415342;-32.660000;0.755342
1199.070861;0.000250;191.109439;194.290000;3.180561;-33.021878;-32.090000;0.931878
1203.076614;0.000195;190.568940;194.000000;3.431060;-32.953452;-32.260000;0.693452
1207.082733;0.000494;191.336602;194.630000;3.293398;-32.461480;-31.460000;1.001480
1211.087632;0.000315;191.227499;194.460000;3.232501;-31.988995;-31.280000;0.708995
1215.094605;0.000356;190.886510;194.290000;3.403490;-31.918295;-31.000000;0.918295
1219.098366;0.000364;191.122255;194.400000;3.277745;-31.419595;-30.880000;0.539595
1223.103388;0.000418;191.228680;194.750000;3.521320;-31.365614;-30.650000;0.715614
1231.111398;0.000408;191.380151;194.630000;3.249849;-30.376540;-29.560000;0.816540
1235.115403;0.000410;191.435102;194.860000;3.424898;-30.576438;-29.560000;1.016438
1239.120424;0.000522;191.783911;195.090000;3.306089;-29.850317;-28.880000;0.970317
1243.125405;0.000490;191.952918;195.150000;3.197082;-29.905739;-28.760000;1.145739
1247.130305;0.000493;191.986960;195.380000;3.393040;-29.385501;-28.360000;1.025501
1255.139250;0.000380;192.086126;195.610000;3.523874;-28.753106;-27.560000;1.193106
1259.145287;0.000482;192.326979;195.670000;3.343021;-28.961642;-26.990000;1.971642
1267.153257;0.000456;192.559610;196.070000;3.510390;-28.086057;-26.470000;1.616057
1271.157384;0.000486;192.269547;195.670000;3.400453;-27.936647;-26.360000;1.576647
1275.162446;0.000485;192.984250;196.470000;3.485750;-27.214041;-24.750000;2.464041
1279.166452;0.000417;192.702892;196.070000;3.367108;-27.607557;-25.550000;2.057557
1283.172489;0.000437;192.903580;195.720000;2.816420;-26.901751;-24.350000;2.551751
1287.176779;0.000597;192.748982;196.180000;3.431018;-26.930848;-25.100000;1.830848
1291.182004;0.000593;193.877675;197.270000;3.392325;-26.261507;-23.660000;2.601507
1295.186009;0.000460;192.891762;196.470000;3.578238;-26.464543;-24.350000;2.114543
1299.191111;0.000511;193.609942;196.580000;2.970058;-26.057179;-23.380000;2.677179
1303.195604;0.000662;193.544898;196.870000;3.325102;-25.665168;-23.780000;1.885168
1311.205200;0.000601;194.004798;197.330000;3.325202;-24.772535;-21.200000;3.572535
1315.209286;0.000477;193.379066;197.210000;3.830934;-26.160005;-23.380000;2.780005
1319.214958;0.000755;194.247284;197.670000;3.422716;-23.992787;-19.880000;4.112787
1323.221443;0.000580;193.611198;197.270000;3.658802;-25.046153;-21.940000;3.106153
1327.225895;0.000697;194.375635;197.900000;3.524365;-24.187363;-19.600000;4.587363
1331.230348;0.000555;194.215903;197.900000;3.684097;-24.307987;-20.400000;3.907987
1335.235979;0.000804;194.294963;197.730000;3.435037;-24.191298;-20.570000;3.621298
1339.240553;0.000707;194.620351;198.130000;3.509649;-23.509024;-19.600000;3.909024
1343.245209;0.000802;194.497914;198.300000;3.802086;-24.331151;-20.170000;4.161151
1347.250799;0.000598;194.950272;198.640000;3.689728;-22.659129;-18.280000;4.379129
1351.255414;0.000617;194.001351;197.610000;3.608649;-23.980319;-20.280000;3.700319
1355.261451;0.000809;195.529099;199.330000;3.800901;-22.456898;-18.850000;3.606898
1359.266066;0.000619;194.318040;197.960000;3.641960;-23.426625;-19.250000;4.176625
1363.272917;0.000757;195.362047;198.820000;3.457953;-22.391045;-16.840000;5.551045
1367.276881;0.000794;194.789032;198.240000;3.450968;-22.680721;-19.480000;3.200721
1371.281781;0.000794;195.377035;198.300000;2.922965;-22.251791;-18.850000;3.401791
1375.287697;0.000717;195.087998;197.900000;2.812002;-22.005523;-18.560000;3.445523
1379.293409;0.000732;195.395555;198.530000;3.134445;-22.305239;-18.160000;4.145239
1387.303614;0.000737;195.302497;198.420000;3.117503;-21.797401;-17.760000;4.037401
1391.307538;0.000706;195.854662;198.590000;2.735338;-21.299329;-17.250000;4.049329
1395.314429;0.000563;195.362747;198.420000;3.057253;-21.290791;-17.070000;4.220791
1399.319451;0.000680;195.836608;199.390000;3.553392;-21.114645;-16.960000;4.154645
1403.324635;0.000607;196.063609;198.640000;2.576391;-20.642589;-17.190000;3.452589
1407.330591;0.000470;195.617057;198.590000;2.972943;-21.195028;-18.450000;2.745028
1411.335694;-0.000204;196.074225;198.530000;2.455775;-19.798108;-15.870000;3.928108
1415.341650;0.000473;195.518577;198.130000;2.611423;-21.221910;-17.480000;3.741910
1419.346631;0.000382;195.973046;198.420000;2.446954;-19.830273;-16.040000;3.790273
1423.351774;0.000306;195.571465;198.190000;2.618535;-20.116478;-16.160000;3.956478
1427.356633;0.000341;195.785114;198.640000;2.854886;-20.042125;-15.180000;4.862125
1431.361532;0.000242;195.799971;198.990000;3.190029;-19.663943;-14.900000;4.763943
1435.367326;0.000232;195.810981;198.820000;3.009019;-19.893867;-14.780000;5.113867
1439.373323;0.000277;196.445594;199.500000;3.054406;-19.202418;-13.460000;5.742418
1443.380011;0.000141;196.406350;199.620000;3.213650;-19.720381;-14.090000;5.630381
1451.390379;0.000122;196.587009;199.680000;3.092991;-18.945083;-12.950000;5.995083
1455.395197;0.000179;196.748530;200.080000;3.331470;-19.360387;-11.970000;7.390387
1463.405443;-0.000478;196.461625;200.190000;3.728375;-18.682270;-11.570000;7.112270
1471.415811;0.000273;196.026909;199.330000;3.303091;-18.921356;-11.750000;7.171356
1511.464521;-0.000157;196.696636;200.650000;3.953364;-17.638518;-12.550000;5.088518
1515.469827;-0.000081;197.180837;200.590000;3.409163;-17.204585;-10.660000;6.544585
35.230035;0.001330;20.616395;18.790000;-1.826395;-13.649618;-11.460000;2.189618
211.163634;-0.000815;22.642591;20.740000;-1.902591;-15.798548;-14.150000;1.648548
215.160404;-0.000951;22.491715;21.430000;-1.061715;-15.336732;-10.080000;5.256732
223.149960;-0.000718;23.201012;21.660000;-1.541012;-16.323690;-11.290000;5.033690
227.143356;-0.000454;23.447467;22.690000;-0.757467;-15.519904;-10.600000;4.919904
231.138947;-0.000788;23.425799;21.890000;-1.535799;-16.308876;-13.350000;2.958876
235.133440;-0.001142;23.770251;22.400000;-1.370251;-15.999145;-12.490000;3.509145
239.127893;-0.001034;23.619402;22.920000;-0.699402;-16.233753;-11.970000;4.263753
243.123403;-0.001077;23.672572;22.290000;-1.382572;-16.734090;-13.750000;2.984090
247.117775;-0.001085;23.133772;21.720000;-1.413772;-16.599587;-13.980000;2.619587
251.113366;-0.001046;22.972397;21.940000;-1.032397;-16.669915;-11.170000;5.499915
255.108875;-0.001370;22.963963;21.430000;-1.533963;-16.369202;-13.180000;3.189202
259.103450;-0.001020;22.190735;20.630000;-1.560735;-17.263862;-15.470000;1.793862
263.099041;-0.002066;22.136907;20.230000;-1.906907;-16.914462;-16.040000;0.874462
267.092844;-0.001942;21.509609;20.050000;-1.459609;-17.158741;-16.440000;0.718741
271.089654;-0.002049;21.421823;19.820000;-1.601823;-16.978770;-16.960000;0.018770
275.084473;-0.001840;20.890139;19.420000;-1.470139;-17.432954;-16.840000;0.592954
279.080348;-0.001775;20.667213;19.310000;-1.357213;-17.596931;-17.590000;0.006931
283.076386;-0.001745;20.431809;18.850000;-1.581809;-17.482330;-17.650000;-0.167670
287.071571;-0.001488;20.220536;18.620000;-1.600536;-18.296154;-19.370000;-1.073846
291.066756;-0.001704;20.393672;18.680000;-1.713672;-17.596993;-18.850000;-1.253007
295.062834;-0.001492;20.074092;18.330000;-1.744092;-18.292750;-19.880000;-1.587250
299.059157;-0.001269;20.455351;18.680000;-1.775351;-18.791647;-21.890000;-3.098353
303.055642;-0.001398;20.513842;18.740000;-1.773842;-17.959305;-19.370000;-1.410695
307.051233;-0.000640;20.824381;18.910000;-1.914381;-18.450840;-20.280000;-1.829160
311.047841;-0.001117;20.886702;19.140000;-1.746702;-19.029254;-21.540000;-2.510746
319.040120;-0.000832;21.155996;19.250000;-1.905996;-19.043407;-21.490000;-2.446593
323.036077;-0.000974;21.916248;19.940000;-1.976248;-18.882434;-21.080000;-2.197566
327.032603;-0.000934;21.479518;19.540000;-1.939518;-19.384149;-21.770000;-2.385851
331.028235;-0.000497;21.998282;19.940000;-2.058282;-19.393720;-21.770000;-2.376280
335.023988;-0.000230;22.139614;20.170000;-1.969614;-19.855191;-22.980000;-3.124809
339.020839;-0.000828;22.445657;20.280000;-2.165657;-19.400162;-22.570000;-3.169838
343.016755;-0.000453;22.603822;20.510000;-2.093822;-20.204018;-23.660000;-3.455982
347.012550;-0.000677;23.030470;21.030000;-2.000470;-19.935659;-23.150000;-3.214341
351.010295;-0.000511;23.261132;21.370000;-1.891132;-20.227318;-23.490000;-3.262682
355.006496;-0.000259;23.923438;21.890000;-2.033438;-20.555372;-23.660000;-3.104628
359.003753;0.000680;24.277453;22.520000;-1.757453;-20.222098;-23.090000;-2.867902
362.999751;0.000139;24.260249;22.230000;-2.030249;-21.184591;-24.060000;-2.875409
366.995830;-0.000275;24.266334;22.290000;-1.976334;-20.467944;-23.090000;-2.622056
370.991949;-0.000033;24.196223;22.060000;-2.136223;-20.984321;-23.780000;-2.795679
374.989288;-0.000007;24.216441;22.230000;-1.986441;-21.512115;-24.470000;-2.957885
378.985489;0.000322;23.818762;21.830000;-1.988762;-21.327450;-23.950000;-2.622550
382.982665;0.000242;23.236197;21.370000;-1.866197;-21.208467;-23.780000;-2.571533
386.980736;0.000553;22.643432;20.680000;-1.963432;-21.872133;-24.580000;-2.707867
390.976936;0.000091;22.591171;20.680000;-1.911171;-21.771274;-24.060000;-2.288726
394.974275;0.000275;21.928437;20.110000;-1.818437;-22.058477;-24.350000;-2.291523
398.970273;0.000037;21.676759;19.880000;-1.796759;-21.662539;-24.350000;-2.687461
402.966230;0.000255;21.675768;19.770000;-1.905768;-23.001120;-25.900000;-2.898880
406.963243;0.000072;21.472073;19.600000;-1.872073;-22.244836;-25.150000;-2.905164
410.959403;-0.000094;21.310236;19.080000;-2.230236;-22.671608;-25.900000;-3.228392
414.956295;0.000236;21.747215;19.770000;-1.977215;-23.546861;-26.700000;-3.153139
418.954203;0.000129;20.953308;19.190000;-1.763308;-22.677399;-25.500000;-2.822601
422.950038;0.000532;21.430713;19.370000;-2.060713;-23.765738;-26.590000;-2.824262
426.944979;0.000400;21.424573;19.600000;-1.824573;-23.761746;-27.160000;-3.398254
430.942765;0.000365;21.364997;19.600000;-1.764997;-23.722785;-27.040000;-3.317215
434.939413;0.000415;21.505331;19.710000;-1.795331;-23.919464;-27.040000;-3.120536
438.937117;0.000523;21.690805;19.480000;-2.210805;-24.487341;-26.700000;-2.212659
442.931733;0.000495;21.762234;20.050000;-1.712234;-24.544501;-27.040000;-2.495499
446.928381;0.000534;22.073580;20.230000;-1.843580;-24.814536;-27.160000;-2.345464
450.924947;0.000605;21.855867;20.000000;-1.855867;-24.823654;-27.390000;-2.566346
454.920457;0.000539;22.277752;20.340000;-1.937752;-25.306427;-27.390000;-2.083573
458.915926;0.000678;22.237427;20.570000;-1.667427;-25.665226;-28.070000;-2.404774
462.914444;0.000632;22.479712;20.630000;-1.849712;-26.329235;-28.880000;-2.550765
466.910929;0.000308;22.802226;20.630000;-2.172226;-25.277531;-27.270000;-1.992469
470.907333;0.000664;22.580394;20.340000;-2.240394;-26.825760;-28.760000;-1.934240
474.902883;0.000332;23.049949;21.030000;-2.019949;-26.284947;-28.590000;-2.305053
478.900385;0.000573;22.230266;20.110000;-2.120266;-27.047929;-29.050000;-2.002071
482.896098;0.000402;23.334370;21.200000;-2.134370;-27.296258;-29.280000;-1.983742
486.892380;0.000366;22.355987;20.230000;-2.125987;-27.783415;-29.160000;-1.376585
490.888011;0.000196;23.024938;21.030000;-1.994938;-27.264663;-28.760000;-1.495337
494.883643;0.000497;22.671724;20.970000;-1.701724;-28.461916;-30.080000;-1.618084
498.881185;0.000342;23.086319;21.260000;-1.826319;-28.339331;-29.970000;-1.630669
502.876898;0.000208;22.946812;21.260000;-1.686812;-28.194187;-29.560000;-1.365813
506.873546;0.000376;23.312607;21.490000;-1.822607;-29.503534;-30.480000;-0.976466
510.869422;0.000142;23.467922;21.490000;-1.977922;-29.230228;-30.250000;-1.019772
514.866151;0.000360;23.297181;21.490000;-1.807181;-30.054213;-30.770000;-0.715787
518.863937;-0.000113;23.577021;21.540000;-2.037021;-29.694730;-30.650000;-0.955270
522.858715;0.000159;23.698880;21.540000;-2.158880;-30.632590;-31.400000;-0.767410
530.853799;0.000209;24.527157;22.400000;-2.127157;-31.150627;-32.090000;-0.939373
534.850975;0.000063;24.419891;22.060000;-2.359891;-31.381383;-32.140000;-0.758617
538.846932;-0.000157;24.286128;22.060000;-2.226128;-31.384242;-32.260000;-0.875758
542.844027;0.000384;24.867178;22.460000;-2.407178;-32.648531;-33.460000;-0.811469
546.840635;0.000005;24.985785;22.690000;-2.295785;-32.147364;-32.950000;-0.802636
550.837892;0.000082;24.830662;22.460000;-2.370662;-32.729196;-33.460000;-0.730804
554.834174;0.000075;26.189482;23.780000;-2.409482;-33.569887;-34.260000;-0.690113
558.830659;-0.000091;25.215625;22.800000;-2.415625;-33.468389;-34.090000;-0.621611
562.828324;0.000087;26.078625;23.780000;-2.298625;-33.796449;-34.490000;-0.693551
566.826069;0.000213;26.182675;23.950000;-2.232675;-34.913184;-35.470000;-0.556816
570.823530;-0.000334;26.402040;24.060000;-2.342040;-34.110051;-34.890000;-0.779949
574.820218;0.000258;26.378636;24.060000;-2.318636;-35.412607;-36.150000;-0.737393
582.814815;0.000087;26.585492;24.120000;-2.465492;-35.913402;-36.780000;-0.866598
590.810305;-0.000112;26.806492;24.350000;-2.456492;-36.469569;-37.300000;-0.830431
594.807075;-0.000129;26.683052;24.060000;-2.623052;-36.861003;-37.590000;-0.728997
598.805227;0.000122;27.028666;24.470000;-2.558666;-37.615808;-38.040000;-0.424192
602.801997;0.000093;26.823778;24.240000;-2.583778;-38.309020;-38.790000;-0.480980
606.798929;-0.000142;26.425117;23.660000;-2.765117;-37.477065;-37.990000;-0.512935
610.797691;0.000083;27.011796;24.410000;-2.601796;-39.238935;-39.760000;-0.521065
614.795883;0.000093;26.884411;24.290000;-2.594411;-39.186017;-39.480000;-0.293983
618.794035;0.000014;27.105507;24.580000;-2.525507;-39.103931;-39.250000;-0.146069
622.790846;0.000277;26.909166;24.410000;-2.499166;-40.374078;-40.450000;-0.075922
626.788754;0.000060;27.016075;24.410000;-2.606075;-40.544458;-40.570000;-0.025542
630.786052;0.000053;27.188501;24.690000;-2.498501;-40.487558;-40.680000;-0.192442
634.781928;0.000086;26.950949;24.410000;-2.540949;-41.523977;-41.480000;0.043977
638.780770;0.000247;26.910315;24.060000;-2.850315;-42.222515;-42.170000;0.052515
646.774716;0.000226;27.479060;24.690000;-2.789060;-43.230317;-43.490000;-0.259683
650.772746;0.000349;27.223166;24.520000;-2.703166;-43.392524;-43.770000;-0.377476
654.769719;0.000024;27.814229;24.920000;-2.894229;-43.623725;-44.060000;-0.436275
658.766652;0.000477;27.785079;25.040000;-2.745079;-46.037304;-46.870000;-0.832696
662.763788;-0.000281;28.128926;25.270000;-2.858926;-44.328912;-44.860000;-0.531088
666.760923;0.000367;28.538360;25.550000;-2.988360;-46.189618;-46.980000;-0.790382
670.759929;-0.000332;29.225767;26.530000;-2.695767;-46.195906;-46.700000;-0.504094
674.755845;-0.000301;27.786416;24.920000;-2.866416;-47.312731;-48.240000;-0.927269
678.755094;-0.000236;29.642539;26.760000;-2.882539;-47.694504;-48.760000;-1.065496
682.752189;-0.000159;29.369531;26.300000;-3.069531;-48.424560;-49.560000;-1.135440
686.748105;-0.000136;29.879162;26.760000;-3.119162;-49.112276;-50.650000;-1.537724
690.745241;-0.000376;29.786932;26.760000;-3.026932;-49.061981;-50.190000;-1.128019
698.740732;-0.000234;30.753652;27.670000;-3.083652;-51.235824;-53.000000;-1.764176
702.737745;-0.000155;30.397583;26.930000;-3.467583;-52.293086;-54.260000;-1.966914
706.736832;-0.000469;31.524225;28.190000;-3.334225;-52.661114;-54.490000;-1.828886
710.734252;0.000078;30.631613;26.990000;-3.641613;-54.307347;-56.550000;-2.242653
714.730738;-0.000307;32.036372;28.420000;-3.616372;-54.269467;-56.490000;-2.220533
718.729703;-0.000166;31.517453;27.850000;-3.667453;-55.708926;-57.870000;-2.161074
726.724624;-0.000463;32.929433;29.220000;-3.709433;-56.886439;-59.240000;-2.353561
730.723183;0.000213;31.498069;27.270000;-4.228069;-58.681723;-60.680000;-1.998277
734.720643;-0.000600;34.808395;30.830000;-3.978395;-59.025864;-60.850000;-1.824136
738.720055;0.000107;31.678821;26.990000;-4.688821;-61.071915;-62.850000;-1.778085
742.719142;-0.000455;36.357471;31.910000;-4.447471;-60.730308;-62.450000;-1.719692
1038.833503;-0.000357;193.906860;197.560000;3.653140;-42.602297;-41.650000;0.952297
1042.839094;-0.000158;193.216332;196.930000;3.713668;-43.096886;-41.880000;1.216886
1046.841392;-0.000202;194.137653;197.670000;3.532347;-42.043592;-41.250000;0.793592
1050.845763;-0.000515;192.742830;196.520000;3.777170;-41.783615;-40.850000;0.933615
1054.850215;0.000007;194.574694;198.070000;3.495306;-41.818059;-40.790000;1.028059
1058.853732;0.000011;193.317366;197.330000;4.012634;-40.020911;-39.480000;0.540911
1062.859120;-0.000296;193.662805;197.610000;3.947195;-40.894384;-39.760000;1.134384
1066.861580;-0.000626;194.297922;198.010000;3.712078;-39.386303;-38.390000;0.996303
1070.866724;-0.000600;193.563423;197.150000;3.586577;-39.230517;-37.990000;1.240517
1074.871582;-0.000062;194.363153;197.900000;3.536847;-38.900316;-37.470000;1.430316
1082.879471;-0.000193;194.324415;197.560000;3.235585;-37.991171;-36.550000;1.441171
1086.883883;0.000162;193.917313;197.210000;3.292687;-37.610301;-36.100000;1.510301
1090.888660;-0.000315;194.060970;197.330000;3.269030;-36.738211;-35.290000;1.448211
1094.892218;0.000328;194.261608;197.440000;3.178392;-37.395556;-35.750000;1.645556
1098.896711;-0.000340;194.428989;197.840000;3.411011;-35.998168;-34.660000;1.338168
1106.904965;-0.000448;194.547256;197.790000;3.242744;-35.589989;-34.150000;1.439989
1114.912366;-0.000098;195.266204;198.530000;3.263796;-34.839364;-33.290000;1.549364
1118.918200;-0.000676;194.790082;198.240000;3.449918;-33.765509;-31.860000;1.905509
1122.921962;-0.000655;194.723402;198.070000;3.346598;-35.201016;-33.580000;1.621016
1126.926617;-0.000460;195.686506;199.160000;3.473494;-32.861822;-30.370000;2.491822
1130.929322;-0.000045;194.796776;198.130000;3.333224;-33.399417;-31.400000;1.999417
1134.936091;0.000726;196.092542;199.450000;3.357458;-33.341222;-30.600000;2.741222
1138.940706;0.000470;195.043262;198.530000;3.486738;-32.740849;-30.480000;2.260849
1142.943695;0.000149;195.503061;198.930000;3.426939;-31.999626;-29.560000;2.439626
1146.948472;0.000223;195.406077;198.990000;3.583923;-32.318714;-30.190000;2.128714
1150.953290;0.000351;195.145700;198.760000;3.614300;-31.646324;-29.560000;2.086324
1154.957052;-0.000415;194.897198;198.360000;3.462802;-31.522531;-29.850000;1.672531
1158.960894;0.000247;194.755499;198.190000;3.434501;-31.182883;-29.790000;1.392883
1162.965712;0.000232;195.120062;198.590000;3.469938;-30.478813;-28.650000;1.828813
1166.970571;0.000585;194.526240;198.010000;3.483760;-30.541992;-29.560000;0.981992
1170.975349;0.000292;194.842856;198.420000;3.577144;-30.545519;-29.450000;1.095519
1178.982953;0.000290;194.657215;198.130000;3.472785;-29.800138;-28.880000;0.920138
1182.986795;0.000152;195.008737;198.240000;3.231263;-29.325471;-28.190000;1.135471
1186.990475;0.000078;194.732573;198.070000;3.337427;-29.308359;-28.480000;0.828359
1195.001168;0.000324;195.113018;198.590000;3.476982;-28.567190;-26.990000;1.577190
1207.011477;0.000069;195.387827;198.990000;3.602173;-27.801646;-25.780000;2.021646
1211.016051;-0.001009;195.502465;198.990000;3.487535;-27.675982;-25.380000;2.295982
1219.024671;-0.000021;195.814646;199.450000;3.635354;-27.738956;-24.980000;2.758956
1231.039044;-0.000370;196.258825;200.020000;3.761175;-26.623204;-22.750000;3.873204
1235.041789;-0.000613;195.729854;199.450000;3.720146;-26.290163;-22.690000;3.600163
1239.045835;-0.000318;196.166932;199.790000;3.623068;-26.322684;-22.290000;4.032684
1243.050653;-0.000398;196.206798;199.790000;3.583202;-25.859688;-21.660000;4.199688
1247.054415;-0.000464;195.861260;199.390000;3.528740;-25.524952;-21.540000;3.984952
1251.059314;-0.000437;196.683399;200.190000;3.506601;-25.621114;-20.570000;5.051114
1255.063279;-0.000752;195.807268;199.390000;3.582732;-25.467009;-20.970000;4.497009
1259.066146;-0.000479;196.488008;200.190000;3.701992;-25.182179;-19.650000;5.532179
1263.072021;-0.000557;195.922950;199.390000;3.467050;-25.046350;-19.480000;5.566350
1307.125427;-0.001062;195.742576;199.050000;3.307424;-22.873432;-16.390000;6.483432
1323.145797;-0.001157;195.877935;199.050000;3.172065;-22.229549;-16.270000;5.959549
1327.150249;-0.001111;195.883218;198.930000;3.046782;-21.640475;-15.580000;6.060475
1331.155555;-0.001097;195.808071;198.700000;2.891929;-22.132332;-15.760000;6.372332
1335.162934;-0.001707;195.758963;199.160000;3.401037;-21.481588;-15.360000;6.121588
1339.169581;-0.000959;196.137207;199.900000;3.762793;-21.509425;-14.550000;6.959425
1343.174074;-0.000967;196.279276;198.990000;2.710724;-21.336281;-14.780000;6.556281
1347.179380;-0.001080;196.078233;199.160000;3.081767;-21.385816;-15.360000;6.025816
1351.182816;-0.001246;196.400524;199.270000;2.869476;-20.728602;-14.780000;5.948602
1355.189423;-0.001325;196.238612;198.990000;2.751388;-20.812474;-13.870000;6.942474
1359.197005;-0.001564;196.757595;199.900000;3.142405;-20.632528;-14.900000;5.732528
1363.201417;-0.000932;196.498354;199.730000;3.231646;-20.560270;-14.380000;6.180270
1367.206763;-0.001028;196.866321;200.250000;3.383679;-21.074417;-14.150000;6.924417
1371.212354;-0.001327;197.057170;200.480000;3.422830;-19.481302;-13.290000;6.191302
1375.219001;-0.000923;196.620604;199.850000;3.229396;-20.691167;-15.760000;4.931167
1379.223169;-0.001907;197.346835;200.760000;3.413165;-20.134876;-14.380000;5.754876
1387.233171;-0.001375;197.194138;200.590000;3.395862;-19.742402;-13.350000;6.392402
1391.238721;-0.001483;196.563089;199.730000;3.166911;-19.733359;-13.870000;5.863359
1395.244108;-0.001473;197.058912;200.020000;2.961088;-19.464602;-13.180000;6.284602
1407.258888;-0.001717;196.530313;200.080000;3.549687;-18.613931;-12.490000;6.123931
1411.263421;-0.001642;196.391062;198.820000;2.428938;-19.250617;-12.780000;6.470617
1419.273667;-0.001629;196.158457;199.160000;3.001543;-19.324517;-12.260000;7.064517
1455.317234;-0.002148;195.617227;197.790000;2.172773;-17.526618;-10.660000;6.866618
1459.323109;-0.001879;195.541051;197.960000;2.418949;-17.405770;-10.260000;7.145770
391.525808;0.000444;349.734583;348.420000;-1.314583;-18.141127;-10.660000;7.481127
399.515812;0.000382;348.409570;347.380000;-1.029570;-18.777330;-11.860000;6.917330
403.512622;0.000517;347.025028;346.010000;-1.015028;-18.246574;-10.490000;7.756574
407.507725;0.000464;346.360535;345.150000;-1.210535;-18.851523;-11.060000;7.791523
411.504861;0.000365;345.940152;344.690000;-1.250152;-18.761974;-11.460000;7.301974
415.499151;0.000524;345.253696;343.950000;-1.303696;-19.114505;-12.780000;6.334505
419.495230;0.000493;344.204585;342.800000;-1.404585;-19.061371;-12.380000;6.681371
423.490455;0.000323;344.098077;342.690000;-1.408077;-19.176759;-12.150000;7.026759
427.486940;0.000472;343.553304;342.000000;-1.553304;-19.544703;-12.660000;6.884703
431.483548;0.000385;343.471140;342.000000;-1.471140;-19.579832;-12.660000;6.919832
435.479017;0.000415;343.109051;341.710000;-1.399051;-19.661014;-13.290000;6.371014
439.474689;0.000343;343.277186;341.770000;-1.507186;-19.611699;-12.890000;6.721699
443.471662;0.000265;343.279327;341.770000;-1.509327;-19.719470;-12.890000;6.829470
447.467619;0.000340;343.474228;341.940000;-1.534228;-20.186679;-13.690000;6.496679
451.464836;0.000309;343.378549;342.000000;-1.378549;-20.055697;-13.290000;6.765697
455.461931;0.000259;343.649594;342.110000;-1.539594;-20.359123;-13.750000;6.609123
459.460245;0.000196;343.629556;341.880000;-1.749556;-20.434567;-14.090000;6.344567
463.455714;0.000189;344.016258;342.400000;-1.616258;-20.484837;-14.150000;6.334837
467.452322;0.000383;343.735915;342.110000;-1.625915;-20.616823;-14.500000;6.116823
471.450880;0.000180;344.050231;342.280000;-1.770231;-20.798690;-14.950000;5.848690
475.447569;0.000244;343.845713;342.170000;-1.675713;-20.971378;-15.360000;5.611378
479.444379;0.000265;344.232287;342.510000;-1.722287;-20.889183;-15.700000;5.189183
483.443059;0.000293;344.221528;342.570000;-1.651528;-21.549622;-16.670000;4.879622
487.440723;0.000186;344.163077;342.460000;-1.703077;-21.480483;-16.670000;4.810483
491.437656;0.000195;344.337863;342.570000;-1.767863;-21.241565;-16.670000;4.571565
495.436499;0.000388;343.848807;342.110000;-1.738807;-21.497761;-17.250000;4.247761
499.433228;0.000189;344.438489;342.630000;-1.808489;-22.166724;-18.160000;4.006724
503.429876;0.000285;343.463752;341.770000;-1.693752;-21.933033;-18.680000;3.253033
507.425751;0.000094;344.069692;342.230000;-1.839692;-22.239556;-18.560000;3.679556
511.423619;0.000387;343.276020;341.480000;-1.796020;-21.941505;-17.760000;4.181505
515.420348;0.000383;343.759935;341.880000;-1.879935;-22.452975;-18.160000;4.292975
519.418012;0.000446;342.564796;340.680000;-1.884796;-22.655258;-19.650000;3.005258
523.413603;0.000114;342.861896;340.970000;-1.891896;-22.609723;-18.960000;3.649723
527.411592;0.000375;342.788594;341.020000;-1.768594;-22.836306;-19.250000;3.586306
531.408159;0.000439;342.094716;340.450000;-1.644716;-22.973043;-19.250000;3.723043
535.405863;0.000497;342.236118;340.570000;-1.666118;-23.550006;-20.570000;2.980006
539.403609;0.000528;341.444474;339.710000;-1.734474;-23.025606;-19.480000;3.545606
543.401517;0.000621;341.316661;339.650000;-1.666661;-23.699163;-20.400000;3.299163
547.398124;0.000508;340.736857;338.960000;-1.776857;-23.532706;-20.570000;2.962706
551.395788;0.000529;340.615762;338.850000;-1.765762;-24.001442;-21.260000;2.741442
555.393411;0.000325;340.362989;338.790000;-1.572989;-24.066499;-21.260000;2.806499
559.390384;0.000526;339.791443;338.100000;-1.691443;-24.400579;-21.540000;2.860579
563.388130;0.000418;339.543620;337.700000;-1.843620;-24.367184;-21.770000;2.597184
567.384940;0.000638;338.568826;336.840000;-1.728826;-24.553252;-21.660000;2.893252
571.382482;0.000251;338.707141;336.840000;-1.867141;-25.045929;-22.290000;2.755929
575.378399;0.000316;338.338375;336.670000;-1.668375;-24.718208;-22.350000;2.368208
579.375412;0.000536;337.622953;335.810000;-1.812953;-24.854258;-22.350000;2.504258
583.372263;0.000382;337.523630;335.810000;-1.713630;-25.585814;-22.860000;2.725814
587.370131;0.000508;336.491125;334.950000;-1.541125;-24.969738;-22.460000;2.509738
591.368974;0.000543;336.269667;334.660000;-1.609667;-26.165245;-23.550000;2.615245
595.365865;0.000298;335.828458;334.210000;-1.618458;-25.433128;-23.090000;2.343128
599.363936;0.000463;335.971640;334.320000;-1.651640;-26.530714;-23.550000;2.980714
603.361803;0.000361;334.605888;333.060000;-1.545888;-25.614851;-22.980000;2.634851
607.359671;0.000337;334.791373;333.170000;-1.621373;-26.389572;-23.550000;2.839572
611.355709;0.000377;333.838960;332.260000;-1.578960;-26.864711;-23.890000;2.974711
615.352763;0.000234;333.752344;332.200000;-1.552344;-26.734558;-23.660000;3.074558
619.351850;0.000447;333.336071;331.740000;-1.596071;-26.858819;-23.780000;3.078819
627.345837;0.000337;331.993366;330.650000;-1.343366;-27.382396;-24.180000;3.202396
631.343013;0.000130;331.941518;330.420000;-1.521518;-27.644857;-24.290000;3.354857
635.341327;0.000357;331.440702;330.140000;-1.300702;-27.783706;-24.350000;3.433706
639.338463;0.000346;330.638039;329.220000;-1.418039;-27.540898;-24.180000;3.360898
643.336574;0.000149;330.514775;329.050000;-1.464775;-28.339604;-24.580000;3.759604
647.335864;0.000165;330.286433;328.940000;-1.346433;-28.352530;-24.470000;3.882530
651.333203;0.000359;329.300624;327.960000;-1.340624;-28.452853;-24.690000;3.762853
655.331558;0.000209;329.038890;327.670000;-1.368890;-28.828816;-25.270000;3.558816
659.328856;0.000246;328.010850;326.700000;-1.310850;-28.721943;-25.270000;3.451943
663.327211;0.000206;327.894223;326.360000;-1.534223;-29.007002;-25.550000;3.457002
667.326705;0.000247;327.668728;326.180000;-1.488728;-29.789047;-26.470000;3.319047
671.324166;0.000359;326.503526;325.210000;-1.293526;-29.056646;-26.070000;2.986646
675.321626;0.000098;326.676758;325.210000;-1.466758;-30.090350;-26.870000;3.220350
679.320225;0.000254;325.479975;324.350000;-1.129975;-29.910695;-27.040000;2.870695
683.320003;0.000277;325.810316;324.350000;-1.460316;-29.787131;-26.760000;3.027131
687.316651;0.000465;324.722675;323.610000;-1.112675;-30.753711;-28.070000;2.683711
691.315331;0.000134;324.345931;323.210000;-1.135931;-30.199922;-27.790000;2.409922
695.315231;0.000269;323.771465;322.580000;-1.191465;-30.744990;-28.190000;2.554990
699.315090;0.000132;323.211995;322.060000;-1.151995;-30.847585;-28.590000;2.257585
703.314177;0.000311;322.558768;321.310000;-1.248768;-30.987160;-28.760000;2.227160
707.312044;0.000205;321.827569;320.740000;-1.087569;-31.484038;-29.390000;2.094038
711.310033;0.000155;321.223512;320.050000;-1.173512;-31.504065;-29.280000;2.224065
715.310136;0.000049;321.161077;319.940000;-1.221077;-31.436110;-29.160000;2.276110
719.309183;0.000231;320.316372;319.250000;-1.066372;-32.244278;-30.080000;2.164278
723.308472;0.000181;319.278940;318.110000;-1.168940;-31.436632;-29.160000;2.276632
727.307519;0.000038;319.078212;317.880000;-1.198212;-32.872385;-30.370000;2.502385
731.306727;0.000127;317.660636;316.440000;-1.220636;-31.712943;-28.760000;2.952943
735.306058;0.000137;317.861449;316.790000;-1.071449;-33.218754;-30.650000;2.568754
739.305470;0.000168;316.661360;315.360000;-1.301360;-31.656819;-28.480000;3.176819
743.304679;0.000093;316.435853;315.360000;-1.075853;-33.542335;-30.650000;2.892335
747.302952;-0.000082;315.038998;313.810000;-1.228998;-32.523943;-28.990000;3.533943
751.302446;-0.000074;315.092705;313.920000;-1.172705;-33.429580;-30.250000;3.179580
755.302101;0.000226;313.472376;312.200000;-1.272376;-32.696120;-28.990000;3.706120
759.301513;-0.000141;313.671032;312.490000;-1.181032;-34.055389;-30.770000;3.285389
763.301007;-0.000077;312.472656;311.290000;-1.182656;-33.458698;-29.680000;3.778698
767.299606;-0.000192;311.989817;310.770000;-1.219817;-33.408327;-29.450000;3.958327
771.299261;-0.000047;310.856303;309.630000;-1.226303;-33.936156;-29.970000;3.966156
775.300096;-0.000034;310.613593;309.340000;-1.273593;-33.704394;-29.390000;4.314394
779.298736;-0.000078;309.597342;308.370000;-1.227342;-33.958255;-29.450000;4.508255
783.298392;-0.000287;309.115975;307.850000;-1.265975;-34.373630;-30.250000;4.123630
787.299186;-0.000180;307.896594;306.530000;-1.366594;-33.751851;-29.160000;4.591851
791.298191;-0.000288;307.797566;306.360000;-1.437566;-35.091406;-31.280000;3.811406
795.298253;-0.000089;305.960649;304.530000;-1.430649;-33.898179;-29.850000;4.048179
799.297056;-0.000316;306.118091;304.360000;-1.758091;-35.039098;-31.280000;3.759098
803.296142;-0.000144;304.804511;303.210000;-1.594511;-34.621301;-31.050000;3.571301
807.296245;-0.000180;304.429012;302.810000;-1.619012;-34.898254;-31.460000;3.438254
811.294397;-0.000150;303.481557;301.950000;-1.531557;-35.168245;-31.800000;3.368245
815.294541;-0.000181;302.375641;300.920000;-1.455641;-35.282509;-31.860000;3.422509
843.295140;-0.000140;296.009289;295.130000;-0.879289;-34.666750;-30.770000;3.896750
851.295386;-0.000100;294.253221;293.580000;-0.673221;-34.539224;-30.190000;4.349224
939.315252;-0.000555;275.469585;275.650000;0.180415;-35.621877;-30.650000;4.971877
943.316087;-0.000501;275.025239;275.130000;0.104761;-35.377215;-30.600000;4.777215
947.318141;-0.000475;273.793716;274.050000;0.256284;-34.588195;-30.190000;4.398195
951.320195;-0.000576;273.375669;273.640000;0.264331;-35.622161;-31.050000;4.572161
955.321436;-0.000417;272.363485;272.670000;0.306515;-34.592081;-30.250000;4.342081
959.323287;-0.000701;271.246389;271.520000;0.273611;-34.532724;-30.080000;4.452724
963.325381;-0.000681;270.508957;270.890000;0.381043;-35.464559;-31.170000;4.294559
967.326866;-0.000436;269.706382;270.040000;0.333618;-34.025897;-29.790000;4.235897
971.330059;-0.000479;268.992565;269.290000;0.297435;-34.363304;-29.850000;4.513304
975.330324;-0.000653;267.955153;268.430000;0.474847;-34.935883;-30.650000;4.285883
979.332703;-0.000458;267.518032;267.860000;0.341968;-33.224629;-28.590000;4.634629
983.334879;-0.000537;266.877594;267.340000;0.462406;-34.904379;-30.480000;4.424379
987.336527;-0.000267;266.364620;266.770000;0.405380;-33.478607;-28.590000;4.888607
995.340351;-0.000589;264.700916;265.160000;0.459084;-33.786768;-27.960000;5.826768
999.342852;-0.000497;263.861533;264.420000;0.558467;-33.609824;-27.440000;6.169824
1003.345638;-0.000318;263.097012;263.620000;0.522988;-33.374261;-26.700000;6.674261
1007.347529;-0.000334;262.564460;262.870000;0.305540;-32.737721;-24.870000;7.867721
1011.349014;-0.000577;261.815974;262.240000;0.424026;-33.384031;-25.900000;7.484031
1099.414812;-0.000228;248.508726;250.440000;1.931274;-29.931790;-23.150000;6.781790
1103.418939;-0.000368;248.509452;250.270000;1.760548;-28.879664;-21.890000;6.989664
1107.421928;-0.000252;247.670780;249.640000;1.969220;-29.489364;-23.260000;6.229364
1111.425365;-0.000118;247.571427;249.470000;1.898573;-28.016717;-21.080000;6.936717
1115.429776;-0.000256;246.868689;249.060000;2.191311;-28.790931;-22.570000;6.220931
1119.433985;-0.000317;246.354196;248.380000;2.025804;-28.146078;-22.060000;6.086078
1123.437380;-0.000229;245.746773;247.800000;2.053227;-28.492445;-23.090000;5.402445
1127.441019;-0.000142;245.267580;247.290000;2.022420;-27.166622;-21.370000;5.796622
1131.445309;-0.000264;244.500134;246.540000;2.039866;-28.524021;-23.950000;4.574021
1135.447851;-0.000247;244.301134;246.030000;1.728866;-26.078096;-20.400000;5.678096
1139.451246;-0.000317;243.584543;245.400000;1.815457;-28.525749;-23.950000;4.575749
1143.456918;-0.000187;242.930924;244.880000;1.949076;-25.927763;-21.370000;4.557763
1147.459379;-0.000211;241.885886;243.970000;2.084114;-27.619413;-24.060000;3.559413
1151.464238;-0.000073;241.976964;243.850000;1.873036;-25.487046;-20.570000;4.917046
1155.468649;-0.000361;240.569378;242.360000;1.790622;-27.203158;-23.780000;3.423158
1159.471272;-0.000213;240.977308;242.760000;1.782692;-25.499020;-20.050000;5.449020
1163.475887;-0.000315;239.646817;241.620000;1.973183;-26.345789;-22.060000;4.285789
1167.480624;-0.000115;239.758944;241.500000;1.741056;-25.413033;-20.800000;4.613033
1171.483369;-0.000276;238.634456;240.580000;1.945544;-25.740223;-21.660000;4.080223
1175.488025;-0.000083;238.718730;240.530000;1.811270;-24.986100;-20.280000;4.706100
1179.491989;-0.000127;237.832605;239.670000;1.837395;-25.223230;-21.260000;3.963230
1183.495547;-0.000128;237.461241;239.270000;1.808759;-25.149178;-20.860000;4.289178
1187.500609;-0.000081;237.000203;238.750000;1.749797;-24.368010;-20.050000;4.318010
1191.505590;-0.000124;236.218484;238.240000;2.021516;-25.085097;-22.170000;2.915097
1195.509311;0.000019;236.233715;238.120000;1.886285;-23.941495;-20.450000;3.491495
1199.513235;-0.000171;235.378392;237.610000;2.231608;-24.672648;-21.540000;3.132648
1203.517240;0.000030;235.310528;237.490000;2.179472;-23.839731;-19.650000;4.189731
1207.522221;-0.000124;234.538011;236.690000;2.151989;-23.911588;-21.370000;2.541588
1211.527079;-0.000109;234.342044;236.350000;2.007956;-23.743926;-20.800000;2.943926
1215.533076;0.000088;234.186040;236.350000;2.163960;-23.406536;-20.280000;3.126536
1219.538138;-0.000004;233.643610;235.770000;2.126390;-23.455983;-20.280000;3.175983
1223.541209;0.000096;233.521758;235.540000;2.018242;-22.835888;-18.680000;4.155888
1227.547246;0.000005;233.078092;235.430000;2.351908;-23.493156;-19.370000;4.123156
1231.551333;0.000126;232.945177;235.260000;2.314823;-22.483636;-18.160000;4.323636
1235.557289;0.000011;232.651586;234.970000;2.318414;-22.921811;-18.160000;4.761811
1239.562351;0.000041;232.342153;234.740000;2.397847;-22.543927;-18.050000;4.493927
1243.566641;0.000099;232.475597;234.740000;2.264403;-22.244294;-17.590000;4.654294
1247.571825;-0.000049;232.604375;234.910000;2.305625;-22.053041;-17.070000;4.983041
1251.576968;-0.000056;232.034766;234.280000;2.245234;-22.135183;-18.160000;3.975183
1255.583331;0.000017;232.219253;234.510000;2.290747;-21.733801;-15.870000;5.863801
1259.587824;0.000005;231.838685;234.110000;2.271315;-21.474846;-14.380000;7.094846
1263.593130;-0.000032;231.743301;234.000000;2.256699;-21.893151;-16.960000;4.933151
1267.597460;-0.000113;231.618425;233.880000;2.261575;-21.034596;-13.750000;7.284596
1271.601587;0.000002;231.301183;233.710000;2.408817;-21.614886;-14.780000;6.834886
1279.612850;-0.000015;230.636024;233.190000;2.553976;-21.610723;-14.900000;6.710723
1283.618115;0.000005;231.085964;232.280000;1.194036;-20.034295;-12.950000;7.084295
1291.628117;0.000006;230.354089;232.390000;2.035911;-19.647287;-11.970000;7.677287
11.628175;0.000879;41.744390;39.940000;-1.804390;-13.344986;-13.060000;0.284986
19.629357;0.000611;42.003127;41.710000;-0.293127;-13.287416;-11.970000;1.317416
31.631088;0.000105;41.777648;41.420000;-0.357648;-12.317063;-11.290000;1.027063
39.632148;0.000247;41.747860;41.480000;-0.267860;-12.432288;-11.460000;0.972288
51.632619;0.000571;42.448344;41.600000;-0.848344;-12.655010;-10.660000;1.995010
87.634481;0.000531;42.644179;43.140000;0.495821;-12.898613;-13.350000;-0.451387
119.628313;0.000272;43.834238;43.660000;-0.174238;-13.171839;-13.980000;-0.808161
131.621021;-0.000079;44.151020;43.720000;-0.431020;-13.500499;-13.980000;-0.479501
135.618360;-0.000286;44.218171;43.600000;-0.618171;-13.014457;-10.600000;2.414457
143.612671;-0.000196;44.750865;44.810000;0.059135;-12.793976;-13.460000;-0.666024
147.607328;-0.000138;44.707439;44.120000;-0.587439;-13.599652;-14.270000;-0.670348
159.596255;0.000069;45.486343;45.090000;-0.396343;-13.623712;-11.340000;2.283712
163.592009;0.000016;45.521011;44.810000;-0.711011;-13.697792;-13.870000;-0.172208
171.582825;-0.000044;46.245946;45.610000;-0.635946;-13.887341;-12.260000;1.627341
175.578538;0.000388;46.621908;45.890000;-0.731908;-14.049949;-11.340000;2.709949
179.572544;0.000026;46.911079;46.520000;-0.391079;-14.037596;-19.080000;-5.042404
183.567118;0.000117;46.983316;46.290000;-0.693316;-14.627513;-17.590000;-2.962487
187.561165;0.000159;47.573285;46.700000;-0.873285;-14.305391;-18.050000;-3.744609
191.562284;0.000371;47.828509;46.930000;-0.898509;-14.799568;-14.950000;-0.150432
195.554989;0.000195;47.988122;46.640000;-1.348122;-14.390043;-10.200000;4.190043
199.548466;0.000317;47.818182;47.210000;-0.608182;-15.033078;-17.070000;-2.036922
215.527741;0.000265;48.338378;47.560000;-0.778378;-15.653101;-10.260000;5.393101
239.497426;-0.000155;48.166479;47.560000;-0.606479;-16.626061;-15.470000;1.156061
243.494968;-0.000127;48.353908;47.500000;-0.853908;-15.886667;-13.350000;2.536667
247.490762;-0.000006;48.517660;48.190000;-0.327660;-16.304886;-12.950000;3.354886
255.482391;-0.000111;48.733489;47.840000;-0.893489;-16.724098;-15.300000;1.424098
259.478023;-0.000177;48.852447;48.010000;-0.842447;-16.786708;-15.760000;1.026708
263.474224;-0.000267;49.367578;48.130000;-1.237578;-16.608981;-15.470000;1.138981
267.470506;-0.000071;50.048980;48.990000;-1.058980;-17.468962;-13.290000;4.178962
279.462685;-0.000169;51.571042;50.710000;-0.861042;-18.207950;-15.700000;2.507950
283.458642;-0.000370;52.017243;51.110000;-0.907243;-16.892213;-15.990000;0.902213
287.454436;-0.000204;52.269916;51.450000;-0.819916;-18.085656;-17.190000;0.895656
291.451450;-0.000206;53.015839;51.910000;-1.105839;-17.593299;-15.990000;1.603299
295.449073;-0.000234;53.174644;52.020000;-1.154644;-18.074007;-17.650000;0.424007
299.444176;-0.000182;53.878336;52.830000;-1.048336;-18.102827;-17.590000;0.512827
303.441068;-0.000280;53.903775;52.650000;-1.253775;-18.262369;-17.360000;0.902369
307.436456;-0.000296;54.275103;52.940000;-1.335103;-18.526380;-17.190000;1.336380
311.432697;-0.000202;54.802118;53.290000;-1.512118;-18.021793;-18.680000;-0.658207
319.424977;-0.000289;55.441491;53.920000;-1.521491;-18.324398;-17.190000;1.134398
323.422397;0.000005;55.546490;54.370000;-1.176490;-19.347476;-18.560000;0.787476
327.419776;-0.000277;56.046984;54.490000;-1.556984;-18.754159;-20.050000;-1.295841
331.421912;-0.000306;56.477854;55.000000;-1.477854;-18.999308;-19.480000;-0.480692
335.418438;-0.000106;56.885779;55.350000;-1.535779;-19.232450;-19.250000;-0.017550
343.413278;-0.000059;57.724515;56.260000;-1.464515;-19.742153;-22.290000;-2.547847
347.410902;-0.000335;58.082183;56.550000;-1.532183;-18.921926;-20.280000;-1.358074
351.407265;-0.000020;58.255319;57.180000;-1.075319;-20.147437;-20.970000;-0.822563
355.403669;-0.000219;58.955429;57.640000;-1.315429;-19.407444;-22.350000;-2.942556
359.401292;-0.000190;59.190206;58.040000;-1.150206;-19.843114;-22.860000;-3.016886
363.398956;-0.000236;59.623714;58.610000;-1.013714;-20.207824;-22.980000;-2.772176
367.394182;-0.000081;60.053150;59.070000;-0.983150;-20.263576;-22.980000;-2.716424
371.391805;-0.000254;60.703198;59.700000;-1.003198;-19.711933;-23.090000;-3.378067
379.390141;-0.000109;61.972677;61.190000;-0.782677;-19.832269;-24.180000;-4.347731
383.387805;0.000274;62.453145;61.820000;-0.633145;-21.427706;-25.100000;-3.672294
387.384006;0.000090;63.153506;62.510000;-0.643506;-20.416549;-24.690000;-4.273451
391.381670;0.000038;63.215252;62.570000;-0.645252;-21.196973;-26.070000;-4.873027
395.378033;0.000153;63.912413;63.370000;-0.542413;-20.951955;-26.070000;-5.118045
399.375494;0.000227;64.057612;63.660000;-0.397612;-21.484152;-26.070000;-4.585848
403.373077;0.000262;64.690157;64.340000;-0.350157;-21.102696;-25.950000;-4.847304
407.370335;0.000188;65.038275;64.630000;-0.408275;-21.702874;-26.590000;-4.887126
411.366739;0.000209;65.715704;65.370000;-0.345704;-22.001479;-26.760000;-4.758521
415.363264;0.000329;66.270361;66.060000;-0.210361;-21.994262;-26.760000;-4.765738
419.359628;0.000042;66.311442;66.000000;-0.311442;-21.873009;-26.590000;-4.716991
423.356804;0.000267;67.008027;66.810000;-0.198027;-22.673448;-27.560000;-4.886552
427.354346;0.000016;67.323591;67.090000;-0.233591;-22.018640;-26.700000;-4.681360
431.350669;0.000200;67.463350;67.150000;-0.313350;-22.902301;-28.250000;-5.347699
435.348414;0.000189;68.165217;67.780000;-0.385217;-22.343559;-27.390000;-5.046441
439.346647;0.000278;68.157399;67.610000;-0.547399;-23.129645;-29.050000;-5.920355
443.345124;0.000025;68.817292;68.240000;-0.577292;-22.871784;-29.050000;-6.178216
447.341732;0.000104;69.302426;68.640000;-0.662426;-23.283437;-29.680000;-6.396563
451.339599;0.000083;69.583101;68.980000;-0.603101;-23.335759;-29.280000;-5.944241
455.337222;0.000060;70.202499;69.440000;-0.762499;-23.487487;-29.560000;-6.072513
459.333952;-0.000000;70.523956;69.840000;-0.683956;-23.800447;-29.790000;-5.989553
463.330681;-0.000083;71.167801;70.530000;-0.637801;-24.045381;-29.850000;-5.804619
467.327816;-0.000310;71.560198;70.870000;-0.690198;-23.888910;-29.970000;-6.081090
471.325887;-0.000189;72.120475;71.560000;-0.560475;-23.998047;-29.790000;-5.791953
475.323429;-0.000099;72.607229;72.190000;-0.417229;-24.561129;-30.370000;-5.808871
479.320565;-0.000017;72.917144;72.420000;-0.497144;-24.474507;-30.600000;-6.125493
483.321887;0.000126;73.473519;72.990000;-0.483519;-24.115831;-30.190000;-6.074169
487.320039;0.000049;73.639460;73.220000;-0.419460;-25.540675;-31.400000;-5.859325
491.320020;-0.000180;74.188943;73.680000;-0.508943;-24.511707;-30.650000;-6.138293
503.313906;-0.000010;75.166069;74.890000;-0.276069;-25.576504;-31.280000;-5.703496
511.309966;-0.000189;76.295107;76.200000;-0.095107;-25.961544;-31.570000;-5.608456
515.309419;-0.000087;77.138022;77.180000;0.041978;-26.221022;-31.970000;-5.748978
519.314196;-0.000205;77.248770;77.230000;-0.018770;-25.729937;-31.460000;-5.730063
523.312755;-0.000199;77.981224;78.040000;0.058776;-26.316481;-31.800000;-5.483519
527.310175;0.000066;79.280677;79.530000;0.249323;-26.708117;-32.260000;-5.551883
531.307880;-0.000215;79.137143;79.350000;0.212857;-26.405752;-31.860000;-5.454248
535.305950;0.000054;80.232343;80.440000;0.207657;-26.995545;-32.370000;-5.374455
539.303696;0.000049;80.918002;81.190000;0.271998;-26.784213;-32.260000;-5.475787
543.303433;-0.000047;81.608176;81.820000;0.211824;-27.357956;-32.660000;-5.302044
547.302113;-0.000171;82.136891;82.450000;0.313109;-27.360015;-32.660000;-5.299985
551.299005;-0.000096;82.681639;83.020000;0.338361;-27.346866;-32.660000;-5.313134
555.298091;0.000155;83.401516;83.710000;0.308484;-27.604587;-33.170000;-5.565413
559.295146;0.000017;83.964755;84.280000;0.315245;-27.158334;-32.660000;-5.501666
563.292891;-0.000049;84.225349;84.570000;0.344651;-28.294821;-33.690000;-5.395179
567.291978;0.000112;85.133799;85.490000;0.356201;-27.791417;-33.350000;-5.558583
571.290252;-0.000193;85.417432;85.770000;0.352568;-27.950689;-33.350000;-5.399311
575.292387;0.000165;86.399326;86.800000;0.400674;-28.724969;-34.150000;-5.425031
583.288853;0.000176;87.147160;87.890000;0.742840;-29.120068;-34.780000;-5.659932
587.288347;-0.000082;88.411000;88.690000;0.279000;-28.206512;-34.090000;-5.883488
591.286824;-0.000057;88.306990;88.920000;0.613010;-29.113803;-35.070000;-5.956197
599.284672;-0.000082;89.874841;90.470000;0.595159;-29.205242;-35.290000;-6.084758
603.284369;-0.000028;90.753397;91.440000;0.686603;-29.015299;-34.780000;-5.764701
607.282886;0.000069;91.549590;92.190000;0.640410;-29.275496;-35.180000;-5.904504
611.281810;-0.000048;92.263182;92.880000;0.616818;-29.023908;-34.550000;-5.526092
619.280025;-0.000274;93.202634;94.080000;0.877366;-29.103036;-34.090000;-4.986964
623.279924;0.000586;95.095478;96.090000;0.994522;-30.216554;-34.660000;-4.443446
627.285027;-0.000148;95.272085;96.370000;1.097915;-29.335243;-32.950000;-3.614757
631.284764;0.000165;96.012370;97.060000;1.047630;-30.415192;-34.490000;-4.074808
647.283875;-0.000262;98.357947;99.640000;1.282053;-29.244814;-30.600000;-1.355186
663.284368;-0.000326;100.967537;102.100000;1.132463;-29.843472;-30.650000;-0.806528
819.338747;-0.000400;129.859159;132.070000;2.210841;-29.916209;-33.690000;-3.773791
835.345175;-0.000388;132.879333;135.500000;2.620667;-29.384908;-33.580000;-4.195092
843.348836;-0.000468;134.265070;137.050000;2.784930;-29.169007;-33.580000;-4.410993
847.352434;-0.000212;135.069034;137.850000;2.780966;-29.585646;-33.750000;-4.164354
851.354163;-0.000123;136.055033;138.830000;2.774967;-29.018942;-33.580000;-4.561058
855.358778;-0.000363;136.161010;138.940000;2.778990;-29.291973;-33.750000;-4.458027
859.360345;-0.000189;137.507330;140.200000;2.692670;-29.289517;-33.690000;-4.400483
863.362073;-0.000318;137.684270;140.200000;2.515730;-28.853539;-33.580000;-4.726461
867.363843;-0.000227;138.537094;141.580000;3.042906;-29.474120;-33.690000;-4.215880
871.366588;-0.000485;139.101189;141.980000;2.878811;-27.945049;-32.370000;-4.424951
875.369455;-0.000397;139.348222;142.320000;2.971778;-29.045825;-33.290000;-4.244175
879.371225;-0.000261;140.331585;143.180000;2.848415;-28.757174;-32.890000;-4.132826
883.373116;-0.000609;140.876496;144.160000;3.283504;-27.620594;-31.170000;-3.549406
887.376105;-0.000473;141.238983;144.270000;3.031017;-29.134519;-32.770000;-3.635481
891.378972;-0.000551;142.176055;145.190000;3.013945;-27.749287;-31.000000;-3.250713
895.379888;-0.000588;142.475607;145.530000;3.054393;-28.137269;-31.280000;-3.142731
899.381983;-0.000472;143.256422;146.850000;3.593578;-28.139335;-29.970000;-1.830665
903.385907;-0.000681;143.354987;146.850000;3.495013;-27.399176;-28.990000;-1.590824
907.388936;-0.000489;144.700912;148.170000;3.469088;-27.629168;-28.190000;-0.560832
911.392047;-0.000679;144.194294;147.990000;3.795706;-27.383976;-27.440000;-0.056024
915.393166;-0.000378;145.540112;149.080000;3.539888;-27.400919;-26.760000;0.640919
919.395424;-0.000644;145.279040;148.970000;3.690960;-26.872530;-26.300000;0.572530
923.399673;-0.000343;146.222711;150.110000;3.887289;-27.163637;-25.500000;1.663637
927.401768;-0.000491;146.294370;150.340000;4.045630;-26.432039;-24.470000;1.962039
931.406017;-0.000524;146.413828;150.110000;3.696172;-27.182564;-25.270000;1.912564
939.411873;-0.000265;147.258450;150.970000;3.711550;-26.638424;-24.180000;2.458424
943.415146;-0.000161;147.983449;151.720000;3.736551;-26.491254;-23.260000;3.231254
947.418501;-0.000213;148.403764;152.120000;3.716236;-26.294364;-22.980000;3.314364
951.422100;-0.000183;148.491354;152.060000;3.568646;-26.453510;-23.090000;3.363510
955.426511;-0.000095;149.540581;153.090000;3.549419;-26.152861;-22.350000;3.802861
959.429988;-0.000276;149.176012;152.690000;3.513988;-25.718629;-22.350000;3.368629
967.438120;-0.000103;150.055838;153.320000;3.264162;-25.617568;-21.940000;3.677568
971.441922;0.000030;150.985803;154.240000;3.254197;-25.183586;-21.200000;3.983586
975.444627;-0.000100;151.105331;154.410000;3.304669;-25.635578;-21.540000;4.095578
979.449323;-0.000042;152.142060;155.270000;3.127940;-25.387955;-21.540000;3.847955
983.452312;0.000092;152.701696;155.670000;2.968304;-24.929156;-20.860000;4.069156
987.455342;0.000078;153.091967;155.960000;2.868033;-24.845285;-20.800000;4.045285
991.459225;0.000141;153.578833;156.360000;2.781167;-25.210726;-20.860000;4.350726
995.464246;0.000090;153.716806;156.470000;2.753194;-24.585067;-20.400000;4.185067
999.470203;0.000327;154.645214;157.220000;2.574786;-24.900830;-20.400000;4.500830
1003.475427;0.000099;154.701877;157.280000;2.578123;-24.124160;-20.000000;4.124160
1007.479473;0.000123;155.397843;157.850000;2.452157;-24.601691;-20.050000;4.551691
1011.482543;0.000177;156.020771;158.310000;2.289229;-23.713158;-19.650000;4.063158
1015.487849;0.000269;156.350317;158.710000;2.359683;-24.334551;-20.280000;4.054551
1019.491245;0.000230;156.627548;158.820000;2.192452;-23.721795;-19.880000;3.841795
1023.494396;0.000191;156.997207;159.170000;2.172793;-23.570666;-20.050000;3.520666
1027.498686;0.000020;156.839339;159.110000;2.270661;-23.849071;-19.600000;4.249071
1031.503057;0.000471;158.173617;160.430000;2.256383;-23.279608;-19.250000;4.029608
1035.507631;0.000208;157.877071;159.970000;2.092929;-22.752824;-18.790000;3.962824
1039.511108;0.000517;158.773232;160.830000;2.056768;-23.416148;-19.080000;4.336148
1043.515520;0.000098;158.248598;160.370000;2.121402;-22.538370;-18.450000;4.088370
1047.522980;0.000610;159.780744;161.690000;1.909256;-23.091439;-19.600000;3.491439
1051.525644;0.000306;158.939054;161.000000;2.060946;-22.466048;-18.280000;4.186048
1055.529324;0.000375;159.700553;161.630000;1.929447;-22.695375;-18.560000;4.135375
1059.533776;0.000242;159.868865;161.920000;2.051135;-22.274380;-18.160000;4.114380
1063.537375;0.000203;160.251817;162.090000;1.838183;-21.879164;-18.450000;3.429164
1071.546767;0.000212;160.582286;162.610000;2.027714;-22.056154;-18.850000;3.206154
1075.552642;0.000373;161.206074;163.010000;1.803926;-21.651347;-17.190000;4.461347
1079.556200;0.000311;161.248292;163.060000;1.811708;-22.057131;-18.160000;3.897131
1083.560734;0.000175;161.532145;163.410000;1.877855;-21.288435;-18.390000;2.898435
1087.564780;0.000269;161.994257;163.640000;1.645743;-21.091021;-16.840000;4.251021
1095.573196;0.000317;162.333911;164.270000;1.936089;-21.028070;-17.360000;3.668070
1099.576755;0.000306;162.900206;164.900000;1.999794;-21.227031;-17.880000;3.347031
1103.580516;0.000383;163.405312;165.410000;2.004688;-20.997385;-18.280000;2.717385
1107.585334;0.000422;163.736295;165.580000;1.843705;-20.801353;-17.760000;3.041353
1111.589258;0.000473;163.828165;165.810000;1.981835;-20.638097;-14.550000;6.088097
1119.599463;0.000549;165.070442;167.130000;2.059558;-19.998237;-14.950000;5.048237
1123.605338;0.000602;164.578728;166.730000;2.151272;-20.279490;-16.040000;4.239490
1127.610075;0.000932;165.364882;167.530000;2.165118;-20.432861;-16.390000;4.042861
1131.614609;0.000508;164.942285;167.250000;2.307715;-19.526352;-17.590000;1.936352
1135.619305;0.000789;165.699512;168.160000;2.460488;-20.110092;-14.550000;5.560092
1139.624001;0.000908;165.725294;167.990000;2.264706;-20.220594;-14.670000;5.550594
1143.626462;0.000880;166.141948;168.340000;2.198052;-19.702269;-16.790000;2.912269
1151.634431;0.000821;166.507927;168.850000;2.342073;-19.867256;-13.460000;6.407256
1155.638965;0.000771;166.227932;168.280000;2.052068;-19.126834;-17.990000;1.136834
1159.644637;0.000985;166.527354;168.680000;2.152646;-19.892268;-17.650000;2.242268
1167.654476;0.000818;166.466933;168.560000;2.093067;-19.599423;-18.850000;0.749423
1171.659254;0.001066;167.072324;169.190000;2.117676;-18.973412;-15.580000;3.393412
1175.663584;0.000935;167.062579;169.190000;2.127421;-18.968884;-15.360000;3.608884
1179.667183;0.000950;167.082765;169.370000;2.287235;-18.740535;-12.890000;5.850535
1183.671595;0.000982;167.382776;169.310000;1.927224;-19.143642;-17.590000;1.553642
1187.675071;0.000855;167.453957;169.650000;2.196043;-18.340260;-18.390000;-0.049740
1191.678711;0.001058;167.956143;170.110000;2.153857;-18.848966;-15.870000;2.978966
1195.682065;0.000752;167.665663;169.940000;2.274337;-18.605389;-14.670000;3.935389
1199.685705;0.000856;168.279852;170.400000;2.120148;-18.084728;-18.960000;-0.875272
1203.690360;0.000304;168.038094;170.230000;2.191906;-18.401540;-15.300000;3.101540
1207.692740;0.000168;168.829709;170.860000;2.030291;-18.545195;-15.360000;3.185195
1211.696298;0.000099;168.631839;170.680000;2.048161;-17.487885;-16.440000;1.047885
1215.700872;0.000235;168.866234;170.860000;1.993766;-18.608526;-16.040000;2.568526
1219.706381;0.000086;169.343098;171.490000;2.146902;-17.675758;-18.390000;-0.714242
1223.710102;0.000308;169.138897;171.140000;2.001103;-17.476209;-14.150000;3.326209
1227.714432;0.000131;169.805634;172.290000;2.484366;-18.319945;-15.470000;2.849945
1231.721039;-0.000018;169.919210;172.000000;2.080790;-16.461632;-15.870000;0.591632
1235.725776;0.000384;169.830004;172.060000;2.229996;-18.344975;-18.390000;-0.045025
1239.731204;-0.000162;170.545108;172.570000;2.024892;-16.703685;-15.580000;1.123685
1243.733745;0.000135;170.402752;172.570000;2.167248;-17.267191;-17.990000;-0.722809
1247.739417;0.000071;171.152878;173.720000;2.567122;-17.639254;-14.670000;2.969254
1251.743016;-0.000043;170.355222;172.860000;2.504778;-16.113136;-17.250000;-1.136864
1255.748647;0.000271;171.588442;174.180000;2.591558;-17.980959;-12.660000;5.320959
1259.752327;-0.000134;170.918307;173.090000;2.171693;-15.996579;-14.500000;1.496579
1263.755966;-0.000107;171.660668;173.950000;2.289332;-17.752075;-17.190000;0.562075
1271.768204;0.000069;171.701021;174.120000;2.418979;-16.824575;-15.870000;0.954575
1275.772900;-0.000029;171.441241;173.840000;2.398759;-16.673601;-16.440000;0.233601
1279.777718;0.000164;172.219567;174.470000;2.250433;-16.477552;-14.950000;1.527552
1283.780504;0.000155;171.688924;174.010000;2.321076;-16.295836;-12.150000;4.145836
1287.786217;0.000249;172.217063;174.410000;2.192937;-16.638117;-15.180000;1.458117
1291.790100;0.000196;171.922875;174.060000;2.137125;-16.447733;-13.180000;3.267733
1295.793983;0.000157;172.373559;174.520000;2.146441;-16.454236;-13.460000;2.994236
1303.801871;0.000329;172.368887;174.470000;2.101113;-16.483390;-16.960000;-0.476610
1307.807828;0.000179;172.411320;174.410000;1.998680;-16.208557;-12.380000;3.828557
1315.817180;0.000349;172.935957;174.980000;2.044043;-15.968835;-10.200000;5.768835
1319.823176;-0.000316;173.049877;174.980000;1.930123;-15.975068;-12.090000;3.885068
1347.855196;-0.000173;174.994209;176.760000;1.765791;-14.944197;-12.950000;1.994197
